<application>
  <component name="libraryTable">
    <library name="Python 2.7 (venv) interpreter library">
      <CLASSES>
        <root url="file://$USER_HOME$/CSV15/binarysearch/venv/lib/python2.7" />
        <root url="file://$USER_HOME$/CSV15/binarysearch/venv/lib/python2.7/lib-dynload" />
        <root url="file:///usr/lib/python2.7" />
        <root url="file:///usr/lib/python2.7/plat-x86_64-linux-gnu" />
        <root url="file:///usr/lib/python2.7/lib-tk" />
        <root url="file://$USER_HOME$/CSV15/binarysearch/venv/local/lib/python2.7/site-packages" />
        <root url="file://$USER_HOME$/CSV15/binarysearch/venv/lib/python2.7/site-packages" />
        <root url="file://$USER_HOME$/.local/lib/python2.7/site-packages" />
        <root url="file:///usr/local/lib/python2.7/site-packages" />
        <root url="file:///usr/local/lib/python2.7/dist-packages" />
        <root url="file:///usr/lib/python2.7/dist-packages" />
        <root url="file:///usr/lib/python2.7/dist-packages/gtk-2.0" />
        <root url="file://$USER_HOME$/.CLion2018.1/system/python_stubs/774546973" />
        <root url="file://$APPLICATION_HOME_DIR$/plugins/python/helpers/python-skeletons" />
        <root url="file://$APPLICATION_HOME_DIR$/plugins/python/helpers/typeshed/stdlib/2" />
        <root url="file://$APPLICATION_HOME_DIR$/plugins/python/helpers/typeshed/stdlib/2and3" />
        <root url="file://$APPLICATION_HOME_DIR$/plugins/python/helpers/typeshed/third_party/2" />
        <root url="file://$APPLICATION_HOME_DIR$/plugins/python/helpers/typeshed/third_party/2and3" />
      </CLASSES>
      <SOURCES>
        <root url="file://$USER_HOME$/CSV15/binarysearch/venv/lib/python2.7" />
        <root url="file://$USER_HOME$/CSV15/binarysearch/venv/lib/python2.7/lib-dynload" />
        <root url="file:///usr/lib/python2.7" />
        <root url="file:///usr/lib/python2.7/plat-x86_64-linux-gnu" />
        <root url="file:///usr/lib/python2.7/lib-tk" />
        <root url="file://$USER_HOME$/CSV15/binarysearch/venv/local/lib/python2.7/site-packages" />
        <root url="file://$USER_HOME$/CSV15/binarysearch/venv/lib/python2.7/site-packages" />
        <root url="file://$USER_HOME$/.local/lib/python2.7/site-packages" />
        <root url="file:///usr/local/lib/python2.7/site-packages" />
        <root url="file:///usr/local/lib/python2.7/dist-packages" />
        <root url="file:///usr/lib/python2.7/dist-packages" />
        <root url="file:///usr/lib/python2.7/dist-packages/gtk-2.0" />
        <root url="file://$USER_HOME$/.CLion2018.1/system/python_stubs/774546973" />
        <root url="file://$APPLICATION_HOME_DIR$/plugins/python/helpers/python-skeletons" />
        <root url="file://$APPLICATION_HOME_DIR$/plugins/python/helpers/typeshed/stdlib/2" />
        <root url="file://$APPLICATION_HOME_DIR$/plugins/python/helpers/typeshed/stdlib/2and3" />
        <root url="file://$APPLICATION_HOME_DIR$/plugins/python/helpers/typeshed/third_party/2" />
        <root url="file://$APPLICATION_HOME_DIR$/plugins/python/helpers/typeshed/third_party/2and3" />
      </SOURCES>
    </library>
    <library name="Python 2.7 (venv) interpreter library">
      <CLASSES>
        <root url="file://$USER_HOME$/CSV15/binarysearch/venv/lib/python2.7" />
        <root url="file://$USER_HOME$/CSV15/binarysearch/venv/lib/python2.7/lib-dynload" />
        <root url="file:///usr/lib/python2.7" />
        <root url="file:///usr/lib/python2.7/plat-x86_64-linux-gnu" />
        <root url="file:///usr/lib/python2.7/lib-tk" />
        <root url="file://$USER_HOME$/CSV15/binarysearch/venv/local/lib/python2.7/site-packages" />
        <root url="file://$USER_HOME$/CSV15/binarysearch/venv/lib/python2.7/site-packages" />
        <root url="file://$USER_HOME$/.local/lib/python2.7/site-packages" />
        <root url="file:///usr/local/lib/python2.7/site-packages" />
        <root url="file:///usr/local/lib/python2.7/dist-packages" />
        <root url="file:///usr/lib/python2.7/dist-packages" />
        <root url="file:///usr/lib/python2.7/dist-packages/gtk-2.0" />
        <root url="file://$USER_HOME$/.CLion2018.1/system/python_stubs/774546973" />
        <root url="file://$APPLICATION_HOME_DIR$/plugins/python/helpers/python-skeletons" />
        <root url="file://$APPLICATION_HOME_DIR$/plugins/python/helpers/typeshed/stdlib/2" />
        <root url="file://$APPLICATION_HOME_DIR$/plugins/python/helpers/typeshed/stdlib/2and3" />
        <root url="file://$APPLICATION_HOME_DIR$/plugins/python/helpers/typeshed/third_party/2" />
        <root url="file://$APPLICATION_HOME_DIR$/plugins/python/helpers/typeshed/third_party/2and3" />
      </CLASSES>
      <SOURCES>
        <root url="file://$USER_HOME$/CSV15/binarysearch/venv/lib/python2.7" />
        <root url="file://$USER_HOME$/CSV15/binarysearch/venv/lib/python2.7/lib-dynload" />
        <root url="file:///usr/lib/python2.7" />
        <root url="file:///usr/lib/python2.7/plat-x86_64-linux-gnu" />
        <root url="file:///usr/lib/python2.7/lib-tk" />
        <root url="file://$USER_HOME$/CSV15/binarysearch/venv/local/lib/python2.7/site-packages" />
        <root url="file://$USER_HOME$/CSV15/binarysearch/venv/lib/python2.7/site-packages" />
        <root url="file://$USER_HOME$/.local/lib/python2.7/site-packages" />
        <root url="file:///usr/local/lib/python2.7/site-packages" />
        <root url="file:///usr/local/lib/python2.7/dist-packages" />
        <root url="file:///usr/lib/python2.7/dist-packages" />
        <root url="file:///usr/lib/python2.7/dist-packages/gtk-2.0" />
        <root url="file://$USER_HOME$/.CLion2018.1/system/python_stubs/774546973" />
        <root url="file://$APPLICATION_HOME_DIR$/plugins/python/helpers/python-skeletons" />
        <root url="file://$APPLICATION_HOME_DIR$/plugins/python/helpers/typeshed/stdlib/2" />
        <root url="file://$APPLICATION_HOME_DIR$/plugins/python/helpers/typeshed/stdlib/2and3" />
        <root url="file://$APPLICATION_HOME_DIR$/plugins/python/helpers/typeshed/third_party/2" />
        <root url="file://$APPLICATION_HOME_DIR$/plugins/python/helpers/typeshed/third_party/2and3" />
      </SOURCES>
    </library>
  </component>
</application>