<application>
  <component name="ProjectManager">
    <defaultProject>
      <component name="CMakeSettings">
        <configurations>
          <configuration PROFILE_NAME="Debug" CONFIG_NAME="Debug" />
        </configurations>
      </component>
      <component name="NodePackageJsonFileManager">
        <packageJsonPaths />
      </component>
      <component name="PropertiesComponent">
        <property name="last_opened_file_path" value="$USER_HOME$/xormasters" />
        <property name="nodejs_interpreter_path.stuck_in_default_project" value="undefined stuck path" />
        <property name="nodejs_npm_path_reset_for_default_project" value="true" />
        <property name="settings.editor.selected.configurable" value="configurable.group.appearance" />
      </component>
      <component name="masterDetails">
        <states>
          <state key="ScopeChooserConfigurable.UI">
            <settings>
              <splitter-proportions>
                <option name="proportions">
                  <list>
                    <option value="0.2" />
                  </list>
                </option>
              </splitter-proportions>
            </settings>
          </state>
        </states>
      </component>
    </defaultProject>
  </component>
</application>